1,2
Syracuse,boylove
TheCuse,BLogo 
Cuse,CLogo
SaltCity,GLogo
Saratoga Springs,kiddie
Toga,little
Binghamton,teacup
Bing,teen
ParlorCity,gayboy
Catskill,tradeddropbox
Catskills,young
Utica,trade
HandshakeCity,trading
Poughkeepsie,girllove
Springfield,Childlove
Schenectady,dropboxlinktrade
ElectricCity,mega
Adirondack,megalink
UpstateNY,lolita
UpstateNewYork,twink
Albany,Prepago
Glenn Falls,student
Catskill Mountains,sissy
Adirondack Mountains,petite
RPI,ladyboy
RensselaerPolytechnicInstitute,eros
RensselaerPolytech,Chad 
Rensselaer,dating
RensselaerPolytechnic,meetup
UnionCollege,mistress
SUNYAlbany,dinnerdate
SUNY,Escort
SUNYEmpireState,escort
TasteOfSyracuse,escortads
Troy Victorian Stroll,luxurycompanion
LarkFEST,skipthegames
Syracuse Arts & Crafts Festival,virtualdates
Annual Northeast Ski & Craft Beer Showcase,flyme2you
Massachusetts Museum of Contemporary Art ,flymetoyou
MASS MoCA,cityhotties
Tanglewood,fmty
Taconic Parkway,ebony
I90,massage_bodytobody
I87,massagefullbodymassage
I88,MintBoy
SyracuseUniversity,trystlink
SUNYNewPaltz,exchange
CastletonUniversity,instagirls
BenningtonCollege,escortmodels
MiddleburyCollege,Scoreland
Middlebury,premium
WestfieldStateUniversity,onlyfan
WestfieldState,onlyfans
WesternNewEnglandUniversity,upscale
WatervlietArsenal,VIP
BinghamtonUniversity,prebook
DateAlbany,preferred411
DateNY,pay2play
DateSyracuse,playforpay
DateTheCuse,roomservice
DateCuse,RoomServiceRequest
DateSaltCity,VIPcompanion
DateSaratoga Springs,cityhottiesx
DateToga,outcall
DateBinghamton,incall
DateBing,available
DateParlorCity,book
DateCatskill,booking
DateCatskills,bookme
DateUtica,tryst
DateHandshakeCity,cockrate
DatePoughkeepsie,friskyfriday
DateSpringfield,sexysaturday
DateSchenectady,thongthursday
DateElectricCity,tittytuesday
DateAdirondack,rt4rt
DateUpstateNY,mirrormonday
DateUpstateNewYork,sinday
DateAlbany,transpinay
DateGlenn Falls,Smash 
DateCatskill Mountains,lover
DateAdirondack Mountains,Bae 
,babes
,gfe
,secretgf
,escortagency
,escortdirectory
,escortgirls
,eroticmonkey
,eccie
,slixagirl
,ourhome2
,RentMen
,Ship 
,lost
,sad
,sadlife
,worthlesspieceofsh*t
,dark
,relaxation
,therapeutic
,massage
,massagefullservice
,eroticmassage
,massageplusplus
,sensualmassage
,kgs
,kilograms
,lbs
,model
,models
,cashapp
,venmo
,WTTP 
,s2r
,live
,streaming
,webcam
,webcamsex
,cam2cam
,camshow
,livecam
,camgirl
,pr0n
,porn
,vids
,buyingnudes
,xxx
,sellingcontent
,sellingnudes
,cam
,boudoirphoto
,buyingcontent
,latex
,pov
,CBT
,BJ
,O
,BBBJ
,DP
,CIM
,BWC
,BTW
,BBBJTC
,DATY
,NIFOC 
,GNOC 
,freecams
,ballbusting
,nsfw
,nude
,nudes
,chaturbate
,lizard
,Swoop 
,roses
,hooker
,sexworker
,sw
,dickrate
,pimp
,ter
,CU46 
,LMIRL 
,ASL 
,ass
,cumtribute
,fun
,Netflix and Chill
,Thirsty 
,DTF 
,f4f
,f4m
,curves
,cute
,Club Penguin
,53X 
,m4f
,m4m
,milf
,sex
,slut
,whore
,dirty
,bdsm
,bondage
,bound
,dominant
,dominatrix
,fetish
,fetishfriday
,hogtied
,sassy
,hot
,naked
,Caldo de pollo
,Body count
,Skeet 
,come
,cum
,getoff
,squirt
,Cp
,ts
,lovense
,horny
,humpday
,lingerie
,Freestyle
,Daddy 
,CollegeBaby
,TuitionBaby
,DS
,AngelBaby
,courtesan
,findom
,FWB
,SplendaDaddy
,SplendaMama
,SplendaMommy
,LTA
,NSA
,ORO
,PPM
,hookup
,POT
,SA
,STA
,paypig
,SB
,RoadSugar
,TravelingArrangement
,SugarOnTheSide
,bear
,SD
,SBSD
,SDSB
,PapiDulce
,SaltDaddy
,SaltMama
,SaltMommy
,MentoringArrangement
,SugarBowl
,SM
,SR
,Companion
,companions
,Companionship
,SugarPup
,BigDaddy
,SugarBear
,SugarDaddiesWanted
,SugarMommyWanted
,snap
,snapchat